Authors,Title,Publication,Volume,Number,Pages,Year,Publisher
"Grundy, John; Hosking, John; Mugridge, Warwick B; ",Inconsistency management for multiple-view software development environments,IEEE Transactions on Software Engineering,24,11,960-981,1998,IEEE
"Grundy, John; ",Aspect-oriented requirements engineering for component-based software systems,1999 IEEE International Symposium on Requirements Engineering (RE'99).,,,84-91,1999,IEEE
"Mapelsden, David; Hosking, John; Grundy, John; ",Design pattern modelling and instantiation using DPML,2002 Conference on Technology of Object-Oriented Languages and Systems Pacific (TOOLS Pacific 2002),,,3-11,2002,"Australian Computer Society, Inc."
"Grundy, John; ","Multi-perspective specification, design and implementation of software components using aspects",International Journal of Software Engineering and Knowledge Engineering,10,06,713-734,2000,World Scientific Publishing Company
"Mehra, Akhil; Grundy, John; Hosking, John; ",A generic approach to supporting diagram differencing and merging for collaborative design,20th IEEE/ACM International Conference on Automated Software Engineering (ASE 2005),,,204-213,2005,ACM
"Grundy, John C; Apperley, Mark D; Hosking, John G; Mugridge, Warwick B; ",A decentralized architecture for software process modeling and enactment,IEEE Internet Computing,2,5,53-62,1998,IEEE
"Grundy, John C; Hosking, John G; ","Serendipity: integrated environment support for process modelling, enactment and work coordination",Automated Software Engineering,5,1,27-60,1998,Springer
"Zhu, Nianping; Grundy, John; Hosking, John; ",Pounamu: A meta-tool for multi-view visual language environment construction,2004 IEEE Symposium on Visual Languages and Human Centric Computing (VL 2004),,,254-256,2004,IEEE
"Chen, Qi; Grundy, John; Hosking, John; ",An e-whiteboard application to support early design-stage sketching of UML diagrams,2003 IEEE Symposium on Human Centric Computing Languages and Environments (HCC 2003).,,,219-226,2003,IEEE
"Grundy, John; Mugridge, Warwick; Hosking, John; ",Constructing component-based software engineering environments: issues and experiences,Information and Software Technology,42,2,103-114,2000,Elsevier
"Grundy, John C; Hosking, John G; Mugridge, Warwick B; ",Supporting flexible consistency management via discrete change description propagation,Software - Practice & Experience,26,9,1053-1083,1996,Wiley
"Grundy, John; Cai, Yuhong; Liu, Anna; ",SoftArch/MTE: Generating distributed system test-beds from high-level software architecture descriptions,Automated Software Engineering,12,1,5-39,2005,Kluwer Academic Publishers
"Grundy, John; Hosking, John; ",High-level static and dynamic visualisation of software architectures,2000 IEEE International Symposium on Visual Languages (VL 2000),,,5-12,2000,IEEE
"Panas, Thomas; Berrigan, Rebecca; Grundy, John; ",A 3D metaphor for software production visualization,7th IEEE International Conference on Information Visualization (IV 2003),,,314-319,2003,IEEE
"Noble, James; Grundy, John; ",Explicit relationships in object-oriented development,1995 Conference on Technology of Object-Oriented Languages and Systems Pacific (TOOLS Pacific 1995),18,,211-225,1995,IEEE
"Grundy, John; Hosking, John; ",Developing adaptable user interfaces for component-based systems,Interacting with computers,14,3,175-194,2002,Elsevier
"Grundy, John C; Venable, John R; ",Towards an integrated environment for method engineering,"IFIP TC8, WG8.1/8.2 Method Engineering 1996 (ME 1996)",1,8.2,45-62,1996,
"Grundy, John; Hosking, John; ",Engineering plug‐in software components to support collaborative work,Software: Practice and Experience,32,10,983-1013,2002,"John Wiley & Sons, Ltd."
"Grundy, John; Mugridge, Rick; Hosking, John; Apperley, Mark; ","Tool integration, collaboration and user interaction issues in component-based software architectures",Technology of Object-Oriented Languages Pacific 1998 (TOOLS 28).,,,299-312,1998,IEEE
"Grundy, John C; Mugridge, Warwick B; Hosking, John G; Amor, Robert W; ","Support for collaborative, integrated software development",1995 Conference on Software Engineering Environments (SEE'95),,,84-94,1995,IEEE
"Dai, Xiaoling; Grundy, John; ","NetPay: An off-line, decentralized micro-payment system for thin-client applications",Electronic Commerce Research and Applications,6,1,91-101,2007,Elsevier
"Kot, Blazej; Wuensche, Burkhard; Grundy, John; Hosking, John; ",Information visualisation utilising 3D computer game engines case study: a source code comprehension tool,6th ACM SIGCHI New Zealand chapter's international conference on Computer-human interaction,,,53-60,2005,ACM
"Grundy, John; Hosking, John; Zhu, Nianping; Liu, Na; ",Generating domain-specific visual language editors from high-level tool specifications,"21st IEEE/ACM International Conference on Automated Software Engineering, 2006. ASE'06.",,,25-36,2006,IEEE
"Grundy, John; Hosking, John; Huh, Jun; Li, Karen Na-Liu; ",Marama: an eclipse meta-toolset for generating multi-view environments,30th international Conference on Software Engineering (ICSE 2008),,,819-822,2008,ACM
"Grundy, John; Patel, Rakesh; ","Developing software components with the UML, Enterprise Java Beans and aspects",2001 Australian Software Engineering Conference (ASWEC 2001).,,,127-136,2001,IEEE
"Grundy, John; Venable, John; ",Providing integrated support for multiple development notations,1995 Conference on Advanced Information Systems Engineering (CAiSE*95),,,255-268,1995,Springer Berlin/Heidelberg
"Grundy, John C.; Mugridge, WB; Hosking, John G.; ",Visual specification of multi-view visual environments,1998 IEEE Symposium on Visual Languages (VL 1998).,,,236-243,1998,IEEE
"Patel, Rachel; Plimmer, Beryl; Grundy, John; Ihaka, Ross; ",Ink features for diagram recognition,4th Eurographics workshop on Sketch-based interfaces and modeling,,,131-138,2007,ACM
"Grundy, John; ",Storage and retrieval of Software Components using Aspects,23rd Australasian Computer Science Conference (ACSC 2000).,,,95-103,2000,IEEE
"Grundy, John; Hosking, John; Li, Lei; Liu, Na; ",Performance engineering of service compositions,2006 international workshop on Service-oriented software engineering,,,26-32,2006,ACM
"Draheim, Dirk; Grundy, John; Hosking, John; Lutteroth, Christof; Weber, Gerald; ",Realistic load testing of web applications,10th European Conference on Software Maintenance and Reengineering (CSMR 2006),,,11 pp.-70,2006,IEEE
"Grundy, John C; Hosking, John G; Amor, RW; Mugridge, Warwick B; Li, Yongqiang; ",Domain-specific visual languages for specifying and generating data mapping systems,Journal of Visual Languages & Computing,15,3,243-263,2004,Academic Press
"Grundy, John C; Hosking, John G; ",Constructing integrated software development environments with MViews,International Journal of Applied Software Technology,2,3-4,133-160,1995,
"Grundy, John; ","Software architecture modelling, analysis and implementation with SoftArch",34th Annual Hawaii International Conference on System Sciences (HICSS 2001),,,9 pp.,2001,IEEE
"Olsson, Thomas; Grundy, John; ",Supporting traceability and inconsistency management between software artifacts,2002 International Conference on Software Engineering and Applications (SEA 2002),,,,2002,
"Grundy, John; Hosking, John; Fenwick, Stephen; Mugridge, Warwick; ",Connecting the pieces,Visual object-oriented programming,,,229-252,1995,Manning Publications Co.
"Dai, Xiaoling; Grundy, John; ",Architecture of a micro-payment system for thin-client web applications,2002 International Conference on Internet Computing (IC 2002),,,24-27,2002,
"Grundy, John; Wang, Xing; Hosking, John; ","Building multi-device, component-based, thin-client groupware: issues and experiences",Australian Computer Science Communications,24,4,71-80,2002,"Australian Computer Society, Inc."
"Singh, Santokh; Grundy, John; Hosking, John; ",Developing .NET web service-based applications with aspect-oriented component engineering,5th Australasian Workshop on Software and System Architectures (AWSA 2004),,,,2004,
"Grundy, John C; Hosking, John G; ",Constructing multi-view editing environments using MViews,1993 IEEE Symposium on Visual Languages (VL'93),,,220-224,1993,IEEE
"Grundy, John; Hosking, John; ",SoftArch: Tool support for integrated software architecture development,International Journal of Software Engineering and Knowledge Engineering,13,02,125-151,2003,World Scientific Publishing Company
"Venable, John; Grundy, John; ",Integrating and supporting entity relationship and object role models,1995 Conference on Entity-Relationship Modeling (ER'95).,,,318-328,1995,Springer Berlin/Heidelberg
"Zhu, Nianping; Grundy, John; Hosking, John; Liu, Na; Cao, Shuping; Mehra, Akhil; ",Pounamu: A meta-tool for exploratory domain-specific visual language tool development,Journal of Systems and Software,80,8,1390-1407,2007,Elsevier
"Grundy, John; Hosking, John; ",Supporting generic sketching-based input of diagrams in a domain-specific visual language meta-tool,29th International Conference on Software Engineering (ICSE 2007).,,,282-291,2007,IEEE
"Grundy, John; Hosking, John; ",Software tools,"Wiley Encyclopedia of Software Engineering, 2nd Edition",,,,2001,"John Wiley & Sons, Inc."
"Bossung, Sebastian; Stoeckle, Hermann; Grundy, John; Amor, Robert; Hosking, John; ",Automated data mapping specification via schema heuristics and user interaction,19th International Conference on Automated Software Engineering (ASE 2004),,,208-217,2004,IEEE
"Grundy, John; Yang, Biao; ","An environment for developing adaptive, multi-device user interfaces",4th Australasian user interface conference on User interfaces (AUIC'2003),,,47-56,2003,"Australian Computer Society, Inc."
"Liu, Na; Grundy, John; Hosking, John; ",A visual language and environment for composing web services,20th IEEE/ACM international Conference on Automated software engineering (ASE 2005),,,321-324,2005,ACM
"Grundy, John; Mugridge, Rick; Hosking, John; Kendall, Paul; ",Generating EDI message translations from visual specifications,16th Annual International Conference on Automated Software Engineering (ASE 2001),,,35-42,2001,IEEE
"Hirsch, Christian; Hosking, John; Grundy, John; Chaffe, Tim; MacDonald, David; Halytskyy, Yuriy; ",The Visual Wiki: A new metaphor for knowledge access and management,42nd Hawaii International Conference on System Sciences (HICSS'2009).,,,1-10,2009,IEEE
"Grundy, John C; Hosking, John G; Mugridge, Warwick B; ",Low-level and high-level CSCW support in the Serendipity process modelling environment,Sixth Australian Conference on Computer-Human Interaction (OZCHI 1996),,,69-76,1996,IEEE
"Dai, Xiaoling; Grundy, John; Lo, Bruce WN; ",Comparing and contrasting micro-payment models for E-commerce systems,International Conferences on Info-tech and Info-net (ICII 2001),6,,35-41 vol. 6,2001,IEEE
"Grundy, John; Ding, Guoliang; ",Automatic validation of deployed J2EE components using aspects,17th IEEE International Conference on Automated Software Engineering (ASE 2002),,,47-56,2002,IEEE
"Grundy, John C; ","Engineering component-based, user-configurable collaborative editing systems",IFIP TC2/TC13 WG2 Conference on Engineering for Computer-Human Interaction (ECHI 1998),7,,111-128,1998,
"Grundy, John; Ding, Guoliang; Hosking, John; ",Deployed software component testing using dynamic validation agents,Journal of Systems and Software,74,1,5-14,2005,Elsevier
"Cai, Yuhong; Grundy, John; Hosking, John; ",Experiences Integrating and Scaling a Performance Test Bed Generator with an Open Source CASE Tool,19th International Conference on Automated Software Engineering (ASE 2004),,,36-45,2004,IEEE
"Graham, TC Nicholas; Grundy, John; ",External requirements of groupware development tools,Engineering for Human-Computer Interaction (EHCI 1998),,,363-376,1998,Kluwer: Dordrecht
"Salleh, Norsaremah; Mendes, Emilia; Grundy, John; ",Empirical studies of pair programming for CS/SE teaching in higher education: A systematic literature review,IEEE Transactions on Software Engineering,37,4,509-525,2011,IEEE
"Mehra, Akhil; Grundy, John; Hosking, John; ","Supporting collaborative software design with a plug-in, web services-based architecture",Workshop on Directions in Software Engineering Environments (WoDiSEE) from Proceedings of the 26th International Conference on Software Engineering (ICSE’04),,,,2004,
"Grundy, John; Hosking, John; Mugridge, Rick; ",Coordinating distributed software development projects with integrated process modelling and enactment environments,Seventh IEEE International Workshops on Enabling Technologies: Infrastructure for Collaborative Enterprises (WET ICE 1998),,,39-44,1998,IEEE
"Grundy, John; Panas, Thomas; Singh, Santokh; Stöckle, Hermann; ",An approach to developing web services with aspect-oriented component engineering,2003 Nordic Conference on Web Services (NCWS 2003),,,,2003,
"Maplesden, David; Hosking, John; Grundy, John; ",A visual language for design pattern modelling and instantiation,"Design Patterns Formalization Techniques, Toufik Taibi (Ed), Idea Group Inc., Hershey, USA, March 2007.",,,338-339,2007,Idea Publishing
"Dai, Xiaoling; Grundy, John; ","Architecture for a Component-based, Plug-in Micro-payment System","5th Asia-Pacific Web Conference (APWeb 2003), September 27-29 2003, Xi’an, China, Springer LNCS 2642, pp. 251-262.",,,251-262,2003,Springer
"Blagojevic, Rachel; Plimmer, Beryl; Grundy, John; Wang, Yong; ",A data collection tool for sketched diagrams,5th Eurographics conference on Sketch-Based Interfaces and Modeling,,,73-80,2008,Eurographics Association
"Plimmer, Beryl; Grundy, John; ",Beautifying sketching-based design tool content: issues and experiences,6th Australasian conference on User interface (AUIC2005),,,31-38,2005,"Australian Computer Society, Inc."
"Gianoutsos, Simon; Grundy, John; ",Collaborative work with the World Wide Web: adding CSCW support to a Web browser,Oz-CSCW 1996,96,,14-21,1996,
"Liu, Na; Hosking, John; Grundy, John; ",Maramatatau: Extending a domain specific visual language meta tool with a declarative constraint mechanism,2007 IEEE Symposium on Visual Languages and Human-Centric Computing (VL/HCC 2007),,,95-103,2007,IEEE
"Grundy, JC; ",Supporting aspect-oriented component-based systems engineering,11th International Conference on Software Engineering and Knowledge Engineering (SEKE1999),,,16-19,1999,
"Li, Yongqiang; Grundy, John; Amor, Robert; Hosking, John; ",A data mapping specification environment using a concrete business form-based metaphor,IEEE 2002 Symposia on Human Centric Computing Languages and Environments (HCC 2002).,,,158-166,2002,IEEE
"Dai, Xiaoling; Grundy, John; ",Three Kinds of E-wallets for a NetPay Micro-payment System,2004 International Conference on Web Information Systems (WISE 2004),,,66-77,2004,Springer Berlin/Heidelberg
"Hosking, JG; Fenwick, Stephen; Mugridge, WB; Grundy, JC; ",Cover yourself with Skin,Proc. OZCHI’95,,,101-106,1995,
"Grundy, John; Zou, Wenjing; ",AUIT: Adaptable user interface technology with extended Java Server pages,Multiple User Interfaces,,,149-167,2004,"John Wiley & Sons, Ltd"
"Grundy, John Collis; Hosking, JG; Hamer, J; ",A visual programming environment for object-oriented languages,Technology of Object-oriented Languages and Systems V (TOOLS USA’91),,,129-138,1991,IEEE
"Grundy, John; Newby, Steve; Whitmore, Thomas; Grundeman, Peter; ",Extending a persistent object framework to enhance enterprise application server performance,2002 Australian Database Conference (ADC 2002),24,2,57-64,2002,"Australian Computer Society, Inc."
"Salleh, Norsaremah; Mendes, Emilia; Grundy, John; Burch, Giles St J; ",An empirical study of the effects of personality in pair programming using the five-factor model,2009 3rd International Symposium on Empirical Software Engineering and Measurement (ESEM2009),,,214-225,2009,IEEE Computer Society
"Grundy, John; Hosking, John; ",Developing adaptable user interfaces for component-based systems,First Australasian User Interface Conference (AUIC 2000),,,17-25,2000,IEEE
"Dai, Xiaoling; Grundy, John; ",Off-line micro-payment system for content sharing in P2P networks,International Conference on Distributed Computing and Internet Technology,,,297-307,2005,Springer Berlin Heidelberg
"Grundy, John C; Mugridge, Warwick B; Hosking, John G; Apperley, Mark D; ","Coordinating, capturing and presenting work contexts in CSCW systems",OZCHI'95,,,28-30,1995,
"Grundy, John; ",A comparative analysis of design principles for project-based IT courses,2nd Australasian conference on Computer science education (ACE1997),,,170-177,1997,ACM
"Dai, Xiaoling; Grundy, John; ",Customer perceptions of a thin-client micro-payment system: issues and experiences,Advanced Topics in End User Computing,3,,143,2004,IGI Global
"Stoeckle, Hermann; Grundy, John; Hosking, John; ",Approaches to supporting software visual notation exchange,2003 IEEE Conference on Human Centric Computing Languages and Environments (HCC 2003),,,59-66,2003,IEEE
"Chen, Qi; Grundy, John; Hosking, John; ",SUMLOW: early design-stage sketching of UML diagrams on an E-whiteboard,"Softw., Pract. Exper.",38,9,961-994,2008,
"Li, Lei; Hosking, John; Grundy, John; ","Visual Modelling of Complex Business Processes with Trees, Overlays and Distortion-based Displays",2007 IEEE Symposium on Visual Languages and Human-Centric Computing (VL/HCC 2007),,,137-144,2007,IEEE
"Petrovski, Angel; Grundy, John; ",Web-enabling an integrated health informatics system,OOIS 2001,,,477-485,2001,Springer London
"Zhao, Dejin; Grundy, John; Hosking, John; ",Generating mobile device user interfaces for diagram-based modelling tools,7th Australasian User interface conference (AUIC2006),,,101-108,2006,"Australian Computer Society, Inc."
"Grundy, John C; ",Experiences with facilitating student learning in a group information systems project course,International Conference on Software Engineering: Education and Practice (SEE&P 1996),,,12-19,1996,IEEE
"Grundy, John; Wei, Zhong; Nicolescu, Radu; Cai, Yuhong; ",An environment for automated performance evaluation of J2EE and ASP. NET thin-client architectures,2004 Australian Software Engineering Conference (ASWEC 2004),,,300-308,2004,IEEE
"Grundy, John; Hosking, John; Mugridge, Warwick; ","Supporting large-scale end user specification of workflows, work coordination and tool integration",Journal of Organizational and End User Computing (JOEUC),10,2,38-48,1998,IGI Global
"Yap, Nelson; Chiong, Hau Chean; Grundy, John; Berrigan, Rebecca; ",Supporting dynamic software tool integration via web service-based components,2005 Australian Software Engineering Conference (ASWEC 2005),,,160-169,2005,IEEE
"Grundy, John C; Hosking, John G; Mugridge, Warwick B; Amor, Robert W; ",Support for constructing environments with multiple views,2nd international software architecture workshop (ISAW-2) and international workshop on multiple perspectives in software development (Viewpoints' 96) on SIGSOFT'96 workshops,,,212-216,1996,ACM
"Grundy, John; ",A method and support environment for distributed software component engineering,International Conference on Software Methods and Tools. (SMT 2000),,,157-166,2000,IEEE
"Hosking, John; Mehandjiev, Nikolay; Grundy, John; ",A domain specific visual language for design and coordination of supply networks,2008 IEEE Symposium onVisual Languages and Human-Centric Computing (VL/HCC 2008),,,109-112,2008,IEEE
"Grundy, John; Hosking, John; ",Directions in modelling large-scale software architectures,International Conference on Software Methods and Tools. (SMT 2000),,,31-40,2000,IEEE
"Wang, Yang; Singh, Santokh; Hosking, John; Grundy, John; ",An aspect-oriented UML tool for software development with early aspects,2006 international workshop on Early aspects at ICSE,,,51-58,2006,ACM
"Hirsch, Christian; Grundy, John; Hosking, John; ",Thinkbase: A visual semantic wiki,Proceedings of the 2007 International Conference on Posters and Demonstrations-Volume 401,,,118-119,2008,CEUR-WS. org
"Liu, Na; Hosking, John; Grundy, John; ",A visual language and environment for specifying user interface event handling in design tools,8th Australasian conference on User interfaces (AUIC 2007),,,87-94,2007,"Australian Computer Society, Inc."
"Grundy, John C; Hosking, John G; ",Software environment support for integrated formal program specification and development,1995 Asia Pacific Software Engineering Conference (APSEC 1995),,,264-273,1995,IEEE
"Grundy, John C; Hosking, John G; Mugridge, Warwick B; ",Towards a unified event-based software architecture,2nd international software architecture workshop (ISAW-2),,,121-125,1996,ACM
"Dai, Xiaoling; Chaudhary, Kaylash; Grundy, John; ",Comparing and Contrasting Micro-payment Models for Content Sharing in P2P Networks,Third International IEEE Conference on Signal-Image Technologies and Internet-Based System (SITIS'07),,,347-354,2007,IEEE
"Liu, Na; Hosking, John; Grundy, John; ",A visual language and environment for specifying design tool event handling,2005 IEEE Symposium on Visual Languages and Human-Centric Computing (VL/HCC 2005),,,278-280,2005,IEEE
"Grundy, John; ",Visual specification and monitoring of software agents in decentralized process-centred environments,International Journal of Software Engineering and Knowledge Engineering,9,04,425-444,1999,World Scientific Publishing Company
"Grundy, John C.; Bai, Jun; Blackham, John; Hosking, John G.; Amor, Robert; Parnell, Auckland; Zealand, New; ","An architecture for efficient, flexible enterprise system integration",2003 International Conference on Internet Computing (IC 2003),,,23-26,2003,
"Mehra, Akhil; Grundy, JC; Hosking, JG; ","Adding group awareness to design tools using a plug-in, web service-based approach","Sixth International Workshop on Collaborative Editing Systems, CSCW 2004",,,,2004,ACM
"Plimmer, Beryl; Grundy, John; Hosking, John; Priest, Richard; ",Inking in the IDE: Experiences with Pen-based Design and Annotatio,2006 IEEE Symposium on Visual Languages and Human-Centric Computing (VL/HCC 2006),,,111-115,2006,IEEE
"Grundy, John C.; ",An implementation architecture for aspect-oriented component engineering,5th International Conference on Parallel and Distributed Processing Techniques and Applications: Special Session on Aspect-oriented Programming,,,,2000,
"Kim, Chul Hwee; Hosking, John; Grundy, John; ",A suite of visual languages for statistical survey specification,2005 IEEE Symposium on Visual Languages and Human-Centric Computing (VL/HCC 2005),,,19-26,2005,IEEE
"Almorsy, Mohamed; Grundy, John; Müller, Ingo; ",An analysis of the cloud computing security problem,"2010 Asia Pacific Cloud Workshop, Colocated with APSEC2010, Australia",,,,2010,
"Salleh, Norsaremah; Mendes, Emilia; Grundy, John; Burch, Giles St J; ",An empirical study of the effects of conscientiousness in pair programming using the five-factor personality model,32nd ACM/IEEE International Conference on Software Engineering (ICSE 2010),,,577-586,2010,ACM
"Blackham, John; Grundeman, Peter; Grundy, JC; Hosking, JG; Mugridge, WB; ",Supporting Pervasive Business via Virtual Database Aggregation,Evolve 2001,,,15-16,2001,
"Grundy, John; Hosking, John; ",Developing software components with aspects: Some issues and experiences,Chapter 25 in Aspect-Oriented Software Development,,,585-604,2004,
"Grundy, John; Hosking, John; Mugridge, Rick; ",Experiences in using java on a software tool integration project,1998 International Conference Software Engineering: Education & Practice (SEEP 1998),,,286-293,1998,IEEE
"Stoeckle, Hermann; Grundy, John; Hosking, John; ",A framework for visual notation exchange,Journal of Visual Languages & Computing,16,3,187-212,2005,Elsevier
"Li, Lei; Hosking, John; Grundy, John; ",EML: A tree overlaybased visual language for business process modelling,2007 International Conference on Enterprise Information Systems (ICEIS 2007),7,,13-19,2007,
"Grundy, John C; Hosking, John G; ",The MViews framework for constructing multi-view editing environments,New Zealand Journal of Computing,4,2,31-40,1993,Citeseer
"Mugridge, Warwick B; Hosking, John G; Grundy, John; ",Towards a constructor kit for visual notations,Sixth Australian Conference on Computer-Human Interaction (OZCHI 1996),,,169-176,1996,IEEE
"Grundy, JC; Liu, Anna; ",Directions in engineering non-functional requirement compliant middleware applications,3rd Australasian Workshop on Software and Systems Architectures (AWSSA 2000),,,,2000,
"Ibrahim, Amani S; Hamlyn-harris, James Hamlyn; Grundy, John; ",Emerging security challenges of cloud virtual infrastructure,"2010 Asia Pacific Cloud Workshop, Colocated with APSEC2010, Australia",,,,2010,
"Cai, Yuhong; Grundy, John; Hosking, John; ",Synthesizing client load models for performance engineering via web crawling,22nd IEEE/ACM International conference on Automated software engineering (ASE 2007),,,353-362,2007,ACM
"Zhu, Nianping; Grundy, JC; Hosking, JG; ",Constructing domain-specific design tools with a visual language meta-tool,2005 Conference on Advanced Information Systems Engineering (CAiSE 2005),,,139-144,2005,
"Kamalrudin, Massila; Grundy, John; Hosking, John; ","Managing consistency between textual requirements, abstract interactions and Essential Use Cases",IEEE 34th Annual Computer Software and Applications Conference (COMPSAC 2010),,,327-336,2010,IEEE
"Grundy, John C; Hosking, John G; Mugridge, Warwick B; ",Serving up a Banquet: Towards an environment supporting all aspects of software development,International Conference on Software Engineering: Education and Practice (SEE&P 1996),,,465-472,1996,IEEE
"Grundy, John C; Hosking, John G; ",MViews: A Framework for Developing Visual Programming Environments.,TOOLS (12/9),,,465-473,1992,
"Patel, Rachel Venita; Plimmer, Beryl; Grundy, John; Ihaka, Ross; ",Exploring better techniques for diagram recognition,2007 New Zealand Computer Science Research Students Conference,,,,2007,"Computer Science, University of Auckland"
"Grundy, John C; ",Human Interaction Issues for User-configurable Collaborative Editing Systems,1st Asia-Pacific Human Computer Interaction Conference (APCHI 1998),,,,1998,IEEE
"Dai, Xiaoling; Ayoade, Oluwatomi; Grundy, John; ",Off-line micro-payment protocol for multiple vendors in mobile commerce,"Seventh International Conference on Parallel and Distributed Computing, Applications and Technologies (PDCAT'06)",,,197-202,2006,IEEE
"Liu, Na; Hosking, John; Grundy, John; ",Integrating a zoomable user interfaces concept into a visual language meta-tool environment,2004 IEEE Symposium on Visual Languages and Human Centric Computing (VL/HCC 2004),,,38-40,2004,IEEE
"Boßung, Sebastian; Grundy, John; Hosking, John; ",Semi-automatic discovery of mapping rules to match XML Schemas,"Department of Computer Science, The University of Auckland, 71pp",,,,2003,
"Khambati, Abizer; Warren, Jim; Grundy, John; Hosking, John; ",A model driven approach to care planning systems for consumer engagement in chronic disease management,2008 Australia's Health Informatics Conference (HIC 2008),,,,2008,Health Informatics Society of Australia Ltd (HISA)
"Singh, Santokh; Chen, H-C; Hunter, Oliver; Grundy, John; Hosking, John; ",Improving agile software development using extreme AOCE and aspect-oriented CVS,12th Asia-Pacific Software Engineering Conference (APSEC 2005),,,8 pp.,2005,IEEE
"White, Philip; Grundy, John; ",Experiences Developing a Collaborative Travel Planning Application with .NET Web Services,1st International Conference on Web Services (ICWS 2003),,,,2003,
"Dantra, Ruskin; Grundy, John; Hosking, John; ",A domain-specific visual language for report writing using Microsoft DSL tools,2009 IEEE Symposium onVisual Languages and Human-Centric Computing (VL/HCC 2009),,,15-22,2009,IEEE
"Grundy, John C; Hosking, John G; Mugridge, Warwick B; ",Visualising Event-based Software Systems: Issues and Experiences,SoftVis97,,,,1997,
"Khambati, Abizer; Grundy, John; Warren, James; Hosking, John; ",Model-driven development of mobile personal health care applications,23rd IEEE/ACM International Conference on Automated Software Engineering (ASE2008),,,467-470,2008,IEEE Computer Society
"Kamalrudin, Massila; Grundy, John; Hosking, John; ",Tool support for essential use cases to better capture software requirements,25th IEEE/ACM international conference on Automated software engineering (ASE 2010),,,255-264,2010,ACM
"Grundy, John; ",Summary of the INTERACT97 Workshop on the Next Generation of CSCW Systems,Human-Computer Interaction INTERACT’97,,,699-700,1997,Springer US
"Ossher, Harold; van der Hoek, André; Storey, Margaret-Anne; Grundy, John; Bellamy, Rachel; ",Flexible modeling tools (flexitools2010),32nd ACM/IEEE International Conference on Software Engineering (ICSE2010),,,441-442,2010,ACM
"Grundy, John; Mugridge, Rick; Hosking, John; Kendall, Paul; ",A visual language and environment for EDI message translation,Proceedings IEEE Symposia on Human-Centric Computing Languages and Environments (VL/HCC 2001),,,330-331,2001,IEEE
"Grundy, John; ","Distributed component engineering using a decentralised, internet-based environment","3rd ICSE Workshop on Software Engineering over the Internet, Limerick, Ireland, June 2000",,,,2000,
"Grundy, John C; Hosking, John G; Mugridge, Warwick B; ",Support for end-user specification of work coordination in workflow systems,"Proceedings of the 2nd International Workshop on End-User Development, Barcelona, Spain",,,,1997,
"Stoeckle, Hermann; Grundy, John; Hosking, John; ",Notation exchange converters for software architecture development,11th ACM SIGSOFT Symposium on the Foundations of Software Engineering (ESEC/FSE 2003),,,,2003,
"Salleh, Norsaremah; Mendes, Emilia; Grundy, John; Burch, Giles St J; ",The effects of neuroticism on pair programming: An empirical study in the higher education context,2010 ACM-IEEE International Symposium on Empirical Software Engineering and Measurement (ESEM 2010),,,22,2010,ACM
"Grundy, John C; Hoking, JG; ",Integrated object-oriented software development in SPE,"Proceedings of the 13th NZCS Conference, Aucland, New Zealand",,,,1993,NZCS
"Singh, Santokh; Hosking, John; Grundy, John; ",Deploying Multi-Agents for Intelligent Aspect-Oriented Web Services,Pacific Rim International Workshop on Multi-Agents,,,284-296,2005,Springer Berlin Heidelberg
"Cao, Shuping; Grundy, John; Hosking, John; Stoeckle, Hermann; Tempero, Ewan; Zhu, Nianping; ",Generating web-based user interfaces for diagramming tools,Sixth Australasian conference on User interface (AUIC 2005),,,63-72,2005,"Australian Computer Society, Inc."
"Mugridge, WB; Hosking, JG; Grundy, JC; ","Vixels, createthroughs, dragthroughs and attachment regions in BuildByWire",1998 Australian Computer Human Interaction Conference (OZCHI 1998),,,320-327,1998,IEEE
"Grundy, John C; Mugridge, Warwick B; Hosking, John G; ",Utilising past event histories in a process-centred software engineering environment,1997 Australian Software Engineering Conference (ASWEC 1997),,,127-136,1997,IEEE
"Kamalrudin, Massila; Hosking, John; Grundy, John; ",MaramaAI: Automated and Visual Approach for Inconsistency Checking of Requirements,18th IEEE International Requirements Engineering Conference (RE 2010),,,393-394,2010,IEEE
"Ali, Norhayati Mohd; Hosking, John; Huh, Jun; Grundy, John; ",Critic Authoring Templates for Specifying Domain-Specific Visual Language Tool Critics,2009 Australian Software Engineering Conference (ASWEC'09),,,81-90,2009,IEEE
"Grundy, John; Jin, Weiguo; ","Experiences developing a thin-client, multi-device travel planning application",Proceedings of the SIGCHI-NZ Symposium on Computer-Human Interaction,,,85-90,2002,ACM
"Grundy, John C; Venable, John R; Hosking, John G; Mugridge, Warwick B; ",Supporting collaborative work in integrated information systems engineering environments,"Proceedings of the Seventh Workshop on the Next Generation of CASE Tools, Greece",,,,1996,
"Kamalrudin, Massila; Hosking, John; Grundy, John; ",Improving requirements quality using essential use case interaction patterns,33rd IEEE/ACM International Conference on Software Engineering (ICSE 2011),,,531-540,2011,IEEE
"Huh, Jun; Grundy, John; Hosking, John; Liu, Karen; Amor, Robert; ",Integrated data mapping for a software meta-tool,2009 Australian Software Engineering Conference (ASWEC'09),,,111-120,2009,IEEE
"Grundy, John C; ",Supporting flexible collaborative software development with SPE–Serendipity,,,,,1996,Citeseer
"Grundy, John; ",Software engineering tools,34th Annual Hawaii International Conference on System Sciences (HICSS 2001),,,3914-3914,2001,IEEE
"Grundy, John; Welland, Ray; Stoeckle, Hermann; ",Workshop on directions in software engineering environments (WoDiSEE),ACM SIGSOFT Software Engineering Notes,29,5,1-3,2004,ACM
"Grundy, John C; Hosking, John G; ",Visual language support for planning and coordination in cooperative work systems,1996 IEEE Symposium on Visual Languages (VL 1996),,,324-325,1996,IEEE
"Hosking, John; Mugridge, Warwick; Amor, Robert; Grundy, John; ",Keeping things consistent,New Zealand Journal of Computing,6,1,353-362,1995,Citeseer
"Kim, Chul Hwee; Hosking, John; Grundy, John; ",Model Driven Design and Implementation of Statistical Surveys,40th Annual Hawaii International Conference on System Sciences (HICSS 2007),,,285c-285c,2007,IEEE
"Ali, Norhayati Mohd; Hosking, John; Huh, Jun; Grundy, John; ",Template-based critic authoring for domain-specific visual language tools,2009 IEEE Symposium onVisual Languages and Human-Centric Computing (VL/HCC 2009),,,111-118,2009,IEEE
"Chaudhary, Kaylash; Dai, Xiaoling; Grundy, John; ",Experiences in developing a micro-payment system for peer-to-peer networks,International Journal of Information Technology and Web Engineering (IJITWE),5,1,23-42,2010,IGI Global
"Li, Lei; Hosking, John; Grundy, John; ","MaramaEML: An Integrated Multi-View Business Process Modelling Environment with Tree-Overlays, Zoomable Interfaces and Code Generation",Proceedings of the 2008 23rd IEEE/ACM International Conference on Automated Software Engineering,,,477-478,2008,IEEE Computer Society
"Grundy, John C; Hosking, John G; Mugridge, Warwick B; Armor, Robert W; ","Collaborative, integrated software development with multiple views","Dept Computer Science, University of Waikato",,Working Paper series 94/6,,1994,
"Kamalrudin, Massila; Grundy, John; ",Generating essential user interface prototypes to validate requirements,26th IEEE/ACM International Conference on Automated Software Engineering (ASE 2011),,,564-567,2011,IEEE
"Avgeriou, Paris; Grundy, John; Hall, Jon G.; Lago, Patricia; Mistrík, Ivan; ",Relating software requirements and architectures,,,,,2011,Springer-Verlag New York Inc
"Cai, Yuhong; Grundy, John; Hosking, John; Dai, Xiaoling; ",Software Architecture Modelling and Performance Analysis with Argo/MTE,2004 Conference on Software Engineering and Knowledge Engineering (SEKE 2004),,,,2004,
"Grundy, John; ",Teaching Information Systems with Simulations: Issues and Experiences,Journal of Informatics – Education and Research,4,1,,2002,
"Hosking, John; Grundy, John; ",Meta tools for implementing domain specific visual languages,22nd IEEE/ACM International conference on Automated software engineering (ASE 2007),,,576-576,2007,ACM
"Hirsch, Christian; Hosking, John; Grundy, John; ",VikiBuilder: end-user specification and generation of visual wikis,25th IEEE/ACM international conference on Automated software engineering (ASE 2010),,,13-22,2010,ACM
"Blagojevic, Rachel; Plimmer, Beryl; Grundy, John; Wang, Yong; ",Development of techniques for sketched diagram recognition,2008 IEEE Symposium on Visual Languages and Human-Centric Computing (VL/HCC 2008),,,258-259,2008,IEEE
"Ali, Norhayati Mohd; Hosking, John; Grundy, John; ",A taxonomy of computer-supported critics,2010 International Symposium on Information Technology (ITSim 2010),3,,1152-1157,2010,IEEE
"Su, Moon Ting; Hosking, John; Grundy, John; ",Capturing architecture documentation navigation trails for content chunking and sharing,9th Working IEEE/IFIP Conference on Software Architecture (WICSA 2011),,,256-259,2011,IEEE Computer Society
"Almorsy, Mohemed; Grundy, John; Ibrahim, Amani S; ",Collaboration-Based Cloud Computing Security Management Framework,IEEE International Conference on Cloud Computing (CLOUD 2011),,,364-371,2011,IEEE
"Blagojevic, Rachel; Plimmer, Beryl; Grundy, John; Wang, Yong; ",Using data mining for digital ink recognition: Dividing text and shapes in sketched diagrams,Computers & Graphics,35,5,976-991,2011,Pergamon
"Hosking, JG; Grundy, JC; ",Using change descriptions to maintain consistency across multiple representations,,,,,1995,"Department of Computer Science, The University of Auckland, New Zealand"
"Dai, Xiaoling; Grundy, John; ",NetPay Micro-Payment Protocols for Three Networks,Emergent Web Intelligence: Advanced Semantic Technologies,,,429-449,2010,Springer London
"Salleh, Norsaremah; Mendes, Emilia; Grundy, John; ",The effects of openness to experience on pair programming in a higher education context,24th IEEE-CS Conference on Software Engineering Education and Training (CSEE&T 2011),,,149-158,2011,IEEE
"Nixon, April; Grundy, John; ","Reciprocity: an integrated, continuous approach to software training authoring, delivery and monitoring",2004 Australian Software Engineering Conference (ASWEC 2004),,,262-270,2004,IEEE
"Li, Karen; Hosking, John; Grundy, John; Ly, Tony; Webb, Brian; ","Augmenting DSVL Meta-Tools with Pattern Specification, Instantiation and Reuse",Electronic Communications of the EASST,31,0,,2011,
"Hosking, JG; Grundy, JC; Mugridge, WB; ",Applying the Evolving Frameworks Pattern Language to Multi-View Software Design Tools,"Department of Computer Science, University of Auckland, New Zealand",,,,2004,
"Kim, Chul Hwee; Hosking, John; Grundy, John; ",Generating Web Services for Statistical Survey Packages from Domain-specific Visual Languages,"Incorporating COTS Software into Software Systems: Tools and Techniques, 2007. IWICSS'07. Second International Workshop on",,,5-5,2007,IEEE
"Grundy, John; Hosking, John; ",Human-Computer Interaction Issues For The Configuration Of Component-Based Software Systems,"In 1999 Australian Human Computer Interaction Conference (OZCHI 1999), Wagga Wagga Nov 28-30 1999, Charles Sturt University Press",,,37-43,1999,
"Grundy, John; Hosking, John; Cai, Yuhong; ",Software design system and method,,,,,2004,"US Patent App. 10/826,381"
"Mugridge, W; Grundy, JC; Hosking, JG; Bryant, D; ",Supporting information mapping in Health Informatics via integrated message transformation,2002 Health Informatics New Zealand Conference (HIC 2002),,,8-10,2002,
"Ibrahim, Amani S; Hamlyn-Harris, James; Grundy, John; Almorsy, Mohamed; ",CloudSec: A security monitoring appliance for Virtual Machines in the IaaS cloud model,5th International Conference on Network and System Security (NSS 2011),,,113-120,2011,IEEE
"Grundy, John; ",Desert Island,Automated Software Engineering,10,3,303-304,2003,Springer
"Moreira, Ana; ","Early Aspects: Current Challenges and Future Directions: 10th International Workshop, Vancouver, Canada, March 13, 2007, Revised Selected Papers",,,,,2007,Springer
"Draheim, Dirk; Grundy, John; Hosking, John; Lutteroth, Christof; Weber, Gerald; ",Software Engineering Tools: Trends of Software Engineering Tools and Platforms,,,,,2007,Springer Berlin
"Li, Karen; Hosking, John; Grundy, John; ",A generic technique for domain-specific visual language model refactoring to patterns,Electronic Communications of the EASST,31,,,2010,
"Ossher, Harold; van der Hoek, André; Storey, Margaret-Anne; Grundy, John; Bellamy, Rachel; Petre, Marian; ",Workshop on flexible modeling tools:(FlexiTools 2011),"33rd IEEE/ACM International Conference on Software Engineering (ICSE 2011), Honolulu, Hawaii, USA, May 2011",,,1192-1193,2011,IEEE
"Grundy, John; Hosking, John; Cao, Shuping; Zhao, Denjin; Zhu, Nianping; Tempero, Ewan; Stoeckle, Hermann; ",Experiences developing architectures for realizing thin‐client diagram editing tools,Software: Practice and Experience,37,12,1245-1283,2007,Wiley Online Library
"Chen, Xiaofan; Hosking, John; Grundy, John; ",A Combination Approach for Enhancing Automated Traceability,"33rd IEEE/ACM International Conference on Software Engineering (ICSE 2011), New Idead Track, Honolulu, Hawaii, USA, May 2011",,,,2011,
"Mohd Ali, Norhayati; Hosking, John; Grundy, John; Huh, Jun; ",End-user oriented critic specification for domain-specific visual language tools,25th IEEE/ACM international conference on Automated software engineering (ASE 2010),,,297-300,2010,ACM
"Zhang, Rick; Hosking, John; Grundy, John; Mehandjiev, Nikolay; Carpenter, Martin; ",Design of a suite of visual languages for supply chain specification,2010 IEEE Symposium on Visual Languages and Human-Centric Computing (VL/HCC 2010),,,240-243,2010,IEEE Computer Society
"Hirsch, Christian; Hosking, John; Grundy, John; Chaffe, Tim; ",ThinkFree: using a visual Wiki for IT knowledge management in a tertiary institution,6th International Symposium on Wikis and Open Collaboration (WikiSim 2010),,,7,2010,ACM
"Chen, Xiaofan; Grundy, John; ",Improving automated documentation to code traceability by combining retrieval techniques,26th IEEE/ACM International Conference on Automated Software Engineering (ASE 2011),,,223-232,2011,IEEE
"Grundy, John C; Hosking, John G; ",Approaches for utilising ‘Work Contexts’ in CSCW systems,OzCHI'96 Workshop on the Next Generation of CSCW Systems,,,15-20,1996,
"Grundy, John; ",A Graduate Course on E-commerce Information Systems Engineering,Journal of Informatics Education and Research,2,2,,2000,IAIM Press
"Yap, Pei Shan; Hosking, John; Grundy, John; ",Automatic diagram layout support for the Marama meta-toolset,2011 IEEE Symposium onVisual Languages and Human-Centric Computing (VL/HCC 2011),,,61-64,2011,IEEE
"Su, Moon Ting; Hosking, John; Grundy, John; ",KaitoroCap: a document navigation capture and visualisation tool,9th Working IEEE/IFIP Conference on Software Architecture (WICSA 2011),,,359-362,2011,IEEE Computer Society
"Dai, Xiaoling; Grundy, John; ",Three integration methods for a component-based NetPay vendor system,"Computational and Information Science, Lecture Notes in Computer Science, 2005, Volume 3314/2005",,,782-787,2005,Springer Berlin/Heidelberg
"Liu, Ray; Wong, Lisa; Grundy, John; ",Experiences Developing an E-whiteboard-based Circuit Designer,Software Engineering Research and Practice,,,739-744,2003,
"Grundy, John; ",What We Know (and Do not Know) About Collaborative Software Engineering,Collaborative Software Engineering,,,237,2010,Springer Science & Business Media
"Grundy, John; ",Construction of an Integrated and Extensible Software Architecture Modelling Environment,"2nd ICSE Workshop on Constructing Software Engineering Tools (CoSET 2000), Limerick, Ireland, June 2000",,,,2000,
"Kanij, Tanjila; Merkel, Robert; Grundy, John; ",A Preliminary Study on Factors Affecting Software Testing Team Performance,2011 International Symposium on Empirical Software Engineering and Measurement (ESEM 2011),,,359-362,2011,IEEE
"Li, Karen; Hosking, John; Grundy, John; ",A Generalised Event Handling Framework,"KISS Workshop, 2009 International Conference on Automated Software Engineering (ASE 2009)",,,,2009,
"Blagojevic, Rachel; Plimmer, Beryl; Grundy, John; Wang, Yong; ",Building digital ink recognizers using data mining: distinguishing between text and shapes in hand drawn diagrams,"International Conference on Industrial, Engineering and Other Applications of Applied Intelligent Systems",,,358-367,2010,Springer Berlin Heidelberg
"Amor, Robert; Augenbroe, Godfried; Hosking, John; Rombouts, Wouter; Grundy, John; ",Directions in modelling environments,Automation in Construction,4,3,173-187,1995,Elsevier
"Dai, Xiaoling; Chaudhary, Kaylash; Grundy, John; ",P2P-NetPay: A Micro-Payment System for Networks,Models for Capitalizing on Web Engineering Advancements: Trends and Discoveries,,,159-182,2012,Information Science Reference
"Grundy, JC; Hosking, JG; ",ViTABaL: a visual language supporting design by tool abstraction,11th IEEE Symposium on Visual  Languages (VL 1995),,,,1995,
"Grundy, John; Kaefer, Gerald; Keong, Jacky; Liu, Anna; ",Software Engineering for the Cloud,IEEE Software,29,2,26,2012,
"Kanij, Tanjila; Merkel, Robert; Grundy, John; ",Performance Assessment Metrics for Software Testers,3rd ICSE workshop on Co-operative and Human Aspects of Software Engineering (CHASE 2012),,,,2012,
"Chen, FeiFei; Schneider, Jean-Guy; Yang, Yun; Grundy, John; He, Qiang; ",An Energy Consumption Model and Analysis Tool for Cloud Computing Environments,1st ICSE Workshop on Green and Sustainable Software Engineering (GREENS 2012),,,,2012,
"Almorsy, Mohamed; Grundy, John; ",SMURF: Supporting Multi-tenancy Using Re-Aspects Framework,17th IEEE International Conference on Engineering Complex Computer Systems (ICECCS 2012),,,,2012,IEEE
"Jaafar, Mohamad Farid; Grundy, J; Hosking, J; ",A High-Level Visual Test Specification Model for DSVL,"2010 Asia-Pacific Software Engineering Conference (APSEC 2010), Doctoral Symposium, Sydney, Australia, Nov 30 2010.",,,,2010,IEEE
"Hirsch, Christian; Hosking, John; Grundy, John; ",VikiBuilder: Let’s build a Visual Wiki,"Poster and Demo Session at the 21st Australian Software Engineering Conference (ASWEC 2010), Auckland, New Zealand, Apr 6-9, 2010",,,,2010,
"Almorsy, Mohamed; Grundy, John; Ibrahim, Amani S; ",TOSSMA: A Tenant-Oriented SaaS Security Management Architecture,"5th IEEE 2012 International Conference on Cloud Computing (CLOUD 2012), Honolulu, Hawaii, United States, 24-29 June 2012",,,,2012,IEEE
"Hosking, JG; Grundy, JC; Mugridge, WB; ",Applying and evolving the evolving frameworks pattern language,"Proceedings of the Second Asian Pacific Pattern Languages of Programming Conference, KoalaPLoP'2001",,,,2001,
"Grundy, John C; Hosking, John G; Li, Karen; Ali, Norhayati Mohd; Huh, Jun; Li, Richard Lei; ",Generating Domain-Specific Visual Language Tools from Abstract Visual Specifications,IEEE Transactions on Software Engineering,39,4,487 - 515,2013,IEEE
"He, Qiang; Han, Jun; Yang, Yun; Grundy, John; Jin, Hai; ",QoS-Driven Service Selection for Multi-Tenant SaaS,"5th IEEE 2012 International Conference on Cloud Computing (CLOUD 2012), Honolulu, Hawaii, United States, 24-29 June 2012",,,,2012,IEEE
"Ibrahim, Amani S; Hamlyn-Harris, James; Grundy, John; Almorsy, Mohamed; ",Supporting Virtualization-Aware Security Solutions using a Systematic Approach to Overcome the Semantic Gap,"5th IEEE 2012 International Conference on Cloud Computing (CLOUD 2012), Honolulu, Hawaii, United States, 24-29 June 2012",,,,2012,IEEE
"Ibrahim, Amani; Hamlyn-Harris, James; Grundy, John; ",Virtual Machines Security in IaaS Platform,Technical Report,,,,2012,
"Chen, Xiaofan; Hosking, John; Grundy, John; ",Visualizing Traceability Links between Source Code and Documentation,2012 IEEE International Conference on Visual Languages and Human-Centric Computing (VL/HCC 2012),,,,2012,IEEE
"Kamalrudin, Massila; Grundy, John; Hosking, John; ",Supporting Requirements Modelling in the Malay Language using Essential Use Cases,2012 IEEE International Conference on Visual Languages and Human-Centric Computing (VL/HCC 2012),,,,2012,IEEE
"Ibrahim, Amani S; Grundy, John; Hamlyn-Harris, James; Almorsy, Mohamed; ",Supporting Operating System Kernel Data Disambiguation Using Points-to Analysis,2012 ACM/IEEE International Conference on Automated Software Engineering (ASE 2012),,,,2012,ACM
"Almorsy, Mohemed; Grundy, John; Ibrahim, Amani S; ",Supporting Automated Vulnerability Analysis using Formalized Vulnerability Signatures,2012 ACM/IEEE International Conference on Automated Software Engineering (ASE 2012),,,,2012,
"Kamalrudin, Massila; Grundy, John; Hosking, John; ",MaramaAI: Tool Support for Capturing and Managing Consistency of Multi-lingual Requirements,2012 ACM/IEEE International Conference on Automated Software Engineering (ASE 2012),,,,2012,ACM
"Su, Moon Ting; Tempero, Ewan; Hosking, John; Grundy, John; ",A Study of Architectural Information Foraging in Software Architecture Documents,2012 IEEE/IFIP Working Conference on Software Architecture (WICSA 2012),,,,2012,
"Nguyen, Tuong Huan; Vo, Bao Quoc; Lumpe, Markus; Grundy, John; ",REInDetector: A Framework for Knowledge-based Requirements Engineering,2012 ACM/IEEE International Conference on Automated Software Engineering (ASE 2012),,,,2012,ACM
"Avazpour, Iman; Grundy, John; ",CONVErT: A Framework for Complex Model Visualisation and Transformation,2012 IEEE Symposium on Visual Languages and Human-Centric Computing (VLHCC 2012),,,,2012,IEEE
"Ibrahim, Amani S; Hamlyn-Harris, James; Grundy, John; Almorsy, Mohamed; ",Identifying OS Kernel Objects for Run-time Security Analysis,"Proc. of 6th International Conference on Network and System Security (NSS 2012), Fujian, China, Nov 2012",,,,2012,Springer
"Ibrahim, Amani S; Hamlyn-Harris, J; Grundy, J; Almorsy, Mohamed; ",Operating System Kernel Data Disambiguation to Support Security Analysis,"Proc. of 6th International Conference on Network and System Security (NSS 2012), Fujian, China, Nov 2012",,,,2012,Springer
"Grundy, Judith R; Grundy, John C; ","Australian Social Services Agency Software: Requirements, Current Usage and Opportunities","Technical Report, Faculty of ICT, Swinburne University of Technology, August 2011",,,12pp,2011,
"Almorsy, Mohamed; Grundy, John; Ibrahim, Amani S; ",VAM-aaS: Online Cloud Services Security Vulnerability Analysis and Mitigation-as-a-Service,"2012 International Conference on Web Information Systems Engineering (WISE 2012), Cypus, Nov 2012",,,,2012,Springer
"Almorsy, Mohamed; Grundy, John; Ibrahim, Amani S; ",Supporting automated software re-engineering using re-aspects,27th IEEE/ACM International Conference on Automated Software Engineering (ASE 2012),,,230-233,2012,IEEE
"Li, Karen; Grundy, JC; Hosking, JG; Li, Lei; ",Visualising Event-based Information Models: Issues and Experiences,"Proceedings of Visual Analytics in Software Engineering, Workshop at",,,,2009,
"Ibrahim, Amani S; Hamlyn-Harris, James; Grundy, John C; Almorsy, Mohamed; ",DIGGER: Identifying Operating System Dynamic Kernel Objects for Run-time Security Analysis,International Journal of Internet and Distributed Computing Systems,3,1,184-194,2013,
"Grundy, John; Hosking, John; ",Recent Experiences with Code Generation and Task Automation Agents in Software Tools,"1st International Workshop on the State of the Art in Automated Software Engineering, Irvine, CA, 27th June 2002.",,,,2002,
"Gianoutsos, Simon; Grundy, John; ",Qualitative Evaluation of a Collaborative Web Browser,OZCHI 1996 Workshop on Next Generation of Collaborative Work Systems,,,,1996,University of Waikato
"Almorsy, Mohamed; Grundy, John; Ibrahim, Amani S; ",MDSE@ R: Model-Driven Security Engineering at Runtime,"4th International Symposium on Cyberspace Safety and Security (CSS 2012), Melbourne, Australia, Dec 12-13 2012",,,,2012,Springer
"Salleh, Norsaremah; Mendes, Emilia; Grundy, John C; ",Investigating the effects of personality traits on pair programming in a higher education setting through a family of experiments,Empirical Software Engineering,19,3,714-752,2014,Springer
"Grundy, Judith R; Grundy, John C; ",A Survey of Australian Human Services Agency Software Usage,Journal of Technology in Human Services,31,1,,2013,"Taylor & Francis,"
"Grundy, John Collis; ",Multiple textual and graphical views for Interactive Software Development Environments,,,,,1993,ResearchSpace@ Auckland
"Grundy, John C; ",Setting up and Running Effective Industry Advisory Boards for your Department,The Department Chair,24,4,,2013,Jossey-Bass / Wiley
"Ip, Tony; Lomberg, Kelvin; Grundy, John; Hosking, John; Huh, Jun; ",Realising Web Diagramming Applications with OpenLaszlo and Eclipse,"Technical Report, University of Auckland",,,,2009,University of Auckland
"Grundy, John; ",Integrating Software Architecture Topics into a Software Engineering Curriculum,"1999 Australasian Workshop on Software Architectures, Sydney, Nov 1999",,,,1999,
"Hall, Jon G; Grundy, John; Mistrik, Ivan; Lago, Patricia; Avgeriou, Paris; ",Introduction: Relating requirements and architectures,Relating Software Requirements and Architectures,,,1-9,2011,Springer Berlin Heidelberg
"Avgeriou, Paris; Grundy, John; Hall, J; Lago, Patricia; Mistrík, Ivan; ",Experiences from Industrial Projects,Relating Software Requirements and Architectures,,,199-201,2011,Springer Berlin Heidelberg
"Grundy, John; Lago, Patricia; Avgeriou, Paris; Hall, J; Mistrík, Ivan; ",Theoretical Underpinnings and Reviews,Relating Software Requirements and Architectures,,,13-15,2011,Springer Berlin Heidelberg
"Grundy, John; Avgeriou, Paris; Hall, J; Lago, Patricia; Mistrik, Ivan; ",Emerging Issues in Relating Software Requirements and Architecture,Relating Software Requirements and Architectures,,,303-306,2011,Springer Berlin Heidelberg
"Grundy, John; Hosking, John; ",Guest editors introduction: special issue on innovative automated software engineering tools,Automated Software Engineering,20,2,137-139,2013,Springer US
"Lago, P; Avgeriou, P; Grundy, J; Hall, J; Mistrík, I; ",Tools and Techniques,Relating software requirements and architecture,,,,2011,Springer
"Grundy, John; Cai, Yuhong; Liu, Anna; ",Generation of distributed system test-beds from high-level software architecture descriptions,16th IEEE/ACM International Conference on Automated Software Engineering (ASE 2001),,,193-200,2001,IEEE
"Penix, John; Grundy, John; ",Special Issue on Selected Papers from ASE-2003,Automated Software Engineering,,,,2006,Springer
"Almorsy, Mohamed; Grundy, John; Ibrahim, Amani S; ",Automated Software Architecture Security Risk Analysis Using Formalized Signatures,"2013 IEEE/ACM International Conference on Software Engineering (ICSE 2013), San Franciso, May 2013",,,,2013,IEEE
"Chen, Feifei; Grundy, John; Yang, Yun; Schneider, Jean-Guy; He, Qiang; ",Experimental Analysis of Task-based Energy Consumption in Cloud Computing Systems,4th ACM/SPEC International Conference on Performance Engineering (ICPE2013),,,,2013,ACM
"Kanij, Tanjila; Merkel, Robert; Grundy, John; ",Lessons Learned from Conducting Industry Surveys in Software Testing,ICSE 2013 Workshop on Conducting Empirical Studies in Industry (CESI 2013),,,63-66,2013,IEEE
"Nguyen, Tuong Huan; Vo, Bao Quoc; Lumpe, Markus; Grundy, John; ",KBRE: A Framework for knowledge-based Requirements Engineering,Software Quality Journal,22,1,87-119,2014,Springer
"Kanij, Tanjila; Australia, Hawthorn; Merkel, Robert; Australia, Clayton; Grundy, John; ",An Empirical Study of the Effects of Personality on Software Testing,IEEE Conference on Software Engineering - Education and Training (CSEET2013),,,,2013,IEEE
"Chen, Xiaofan; Hosking, John; Grundy, John; Amor, Robert; ",Development of Robust Traceability Benchmarks,2013 Australasian Conference on Software Engineering (ASWEC 2013),,,,2013,IEEE
"Grundy, John; ",Architecture vs Agile: competition or co-operation?,Agile Software Architecture: Aligning Agile Processes and Software Architecture,,,Foreword,2013,Elsevier
"Grundy, John C; Venable, John R; Hosking, John G; Mugridge, Warwick B; ",Coordinating Collaborative Work in an Integrated Information Systems Engineering Enviornment,"Working paper series, Computer Science, University of Waikato, New Zealand",,,,1996,"Department Computer Science, University of Waikato"
"Grundy, John C; ",Economics-driven Software Architecting,Economics-driven Software Architecture,,,Foreword,2013,Elsevier
"Avazpour, Iman; Grundy, John C; ",Using Concrete Visual Notations as First Class Citizens for Model Transformation Specification,"2013 IEEE Symposium on Visual Languages and Human-Centric Computing (VL/HCC 2013), San Jose, CA, USA, Sept 15-19 2013",,,,2013,IEEE
"Grundy, John; Han, Jun; ",ASWEC 2007,,,,,2007,
"Crnkovic, I; Schmidt, HW; Stafford, J; Wallnau, K; Grundy, JC; Ding, G; Hosking, J; Zulkernine, M; Seviora, R; Wuyts, R; ",Automated Component-Based Software Engineering,Journal of Systems and Software,,,,2005,Elsevier
"Du, Miao; Schneider, Jean-Guy; Hine, Cameron; Grundy, John; Versteeg, Steve; ",Generating service models by trace subsequence substitution,9th  ACM Sigsoft Conference on Quality of software architectures (QoSA 2013),,,123-132,2013,ACM
"Ali, Norhayati Mohamed; Hosking, John G; Grundy, John C; ",A Taxonomy and Mapping of Computer-based Critiquing Tools,IEEE Transactions on Software Engineering,39,11,,2013,IEEE
"Almorsy, Mohamed; Grundy, John C; Ibrahim, Amani; ","Adaptable, Model-driven Security Engineering for SaaS Cloud-based Applications",Automated Software Engineering,21,2,,2014,Springer
"Avazpour, Iman; Grundy, John C; Grunske, Lars; ",Tool Support for Automatic Model Transformation Specification Using Concrete Visualisations,2013 IEEE/ACM International Conference on Automated Software Engineering (ASE 2013),,,,2013,IEEE
"Tell, Paolo; Babar, Muhammad Ali; Grundy, John; ",A Preliminary User Evaluation of an Infrastructure to Support Activity-Based Computing in Global Software Development (ABC4GSD),"8th IEEE International Conference on Global Software Engineering (ICGSE 2013), Bari, Italy, August 26-29 2013",,,,2013,IEEE
"Almorsy, Mohamed; Grundy, John; Sadus, Richard; van Straten, Willem; ",A Suite of Domain-Specific Visual Languages For Scientific Software Application Modelling,"2013 IEEE Symposium on Visual Languages and Human-Centric Computing (VL/HCC 2013), San Jose, CA, USA, Sept 15-19 2013",,,,2013,IEEE
"Avazpour, Iman; Pitakrat, T; Grunske, Lars; Grundy, John C; ",Dimensions and Metrics for Evaluating Recommendation Systems,Recommendation Systems in Software Engineering,,,,2014,Springer
"Du, M.; Versteeg, S.; Schneider, J-G; Han, J.; Grundy, J.C.; ",Interaction Traces Mining for Efficient System Responses Generation,"2nd International Workshop on Software Mining, 11th Nov 2013, Palo Alto, CA, USA",,,,2013,
"Grundy, John C.; ",Managing Faculty “Over-performance”,The Department Chair,24,4,,2014,Jossey-Bass/Wiley
"Kanij, Tanjila; Merkel, Robert; Grundy, John C.; ",Performance Appraisal of Software Testers,Information and Software Technology,56,5,495–505,2014,Elsevier
"Grundy, John; ",JComposer/JViews Tutorial,,,,,2000,
"Chen, Feiei; Grundy, John C; Schneider, Jean-Guy; Yang, Yun; He, Qiang; ",Automated Analysis of Performance and Energy  Consumption for Cloud Applications,2014 ACM/SPEC International Confernce on Performance Engineering,,,,2014,ACM
"Kanij, Tanjila; Merkel, Robert; Grundy, John C; ",A Preliminary Survey of Factors Affecting Software Testers,2014 Australasian Conference on Software Engineering (ASWEC 2014),,,,2014,IEEE
"Almorsy, Mohamed; Grundy, John C; ",SecDSVL: A Domain-Specific Visual Language To Support Enterprise Security Modelling,2014 Australasian Conference on Software Engineering (ASWEC 2014),,,,2014,IEEE
"Hoon, Leonard; Vasa, Rajesh; Schneider, Jean-Guy; Grundy, John; ",An analysis of the mobile app review landscape: trends and implications,"Faculty of Information and Communication Technologies, Swinburne University of Technology, Tech. Rep",,,,2013,
"Grundy, John C; Howse, John; ",Proceedings of the IEEE symposium on visual languages and human-centric computing,,,,,2006,IEEE
"Kamalrudin, M.; Sidek, S.; Salleh, N.; Hosking, J.G.; Grundy, John C; ",A Pair-Oriented Requirements Engineering Approach for Analysing Multi-lingual Requirements,In 1st Asia-Pacific International Conference on Requirements Engineering (APRES 2014),,,,2014,Springer
"Kamalrudin, M.; Yahya, S.; Sidek, S.; Grundy, John C.; ",Capturing Security Requirements Using Essential Use Cases (EUCs),1st Asia-Pacific International Conference on Requirements Engineering (APRES 2014),,,,2014,Springer
"Li, Lei; Grundy, John C.; Hosking, John G.; ",A visual language and environment for enterprise system modelling and automation,Journal of Visual Languages and Computing,25,4,,2014,Elsevier
"Avazpour, Iman; Rüegg, Ulf; Grundy, John; ",CONVErT Meets KIELER: Integrating Advanced Layout Algorithms into By-Example Visualisations,IEEE Symposium on Visual Languages and Human-Centric Computing (VLHCC 2014),,,,2014,IEEE
"Almorsy, Mohamed; Grundy, John; Rüegg, Ulf; ",HorusCML: Context-aware Domain-Specific Visual Languages Designer,IEEE Symposium on Visual Languages and Human-Centric Computing (VLHCC 2014),,I,,2014,IEEE
"Kanij, Tanjila; Merkel, Robert; Grundy, John; ",An Empirical Study to Review and Revise Job Responsibilities of Software Testers,IEEE Symposium on Visual Languages and Human-Centric Computing (VLHCC 2014),,,,2014,IEEE
"Grundy, JC; Mugridge, WB; Hosking, JG; ",A Java-based toolkit for the construction of multi-view editing systems,2nd  Component Users Conference (CUC1997),,,14-18,1997,
"Grundy, JC; Mugridge, WB; Hosking, JG; ",Static and dynamic visualisation of component-based software architectures,10th International Conference on Software Engineering and Knowledge Engineering (SEKE 1998),,,18-20,1998,
"Singh, S; Grundy, J; Hosking, J; Sun, J; ",An Architecture for Developing Aspect-Oriented Web Services,3rd European Conference on Web Services,,,,2005,
"Mugridge, WB; Grundy, JC; Hosking, JG; Amor, R; ",Snart94 Reference/User Manual,"Department of Computer Science, University of Auckland, Auckland, New Zealand",,,,1995,
"Liu, Na; Grundy, John; Hosking, John; ",A visual language and environment for composing web services,Proceedings of the 20th IEEE/ACM international Conference on Automated software engineering,,,321-324,2005,ACM
"Hirsch, Christian; Hosking, John; Grundy, John; ",Information retrieval and presentation methods and systems,,,,,2016,"US Patent 9,342,908"
"Hsu, Ching-Hsien; Grundy, John; ",Guest editorial: automated techniques for migrating to the Cloud (I),Automated Software Engineering,21,3,315-318,2014,Springer US
"Whitehead, Jim; Mistrík, Ivan; Grundy, John; Van der Hoek, André; ",Collaborative software engineering: concepts and techniques,Collaborative Software Engineering,,,1-30,2010,Springer Berlin Heidelberg
"Nguyen, Tuong Huan; Grundy, John; Almorsy, Mohamed; ",GUITAR: an Ontology-based Automated Requirements Analysis Tool,IEEE International Conference on Requirements Engineering (RE 2014),,,,2014,IEEE
"Ru, Jia; Grundy, John C.; Keung, Jacky; ",Software Engineering for Multi-tenancy Computing - Challenges and Implications,2014 FSE Workshop on Innovative Software Development Methodologies and Practices (InnovSWDev 2014),,,,2014,
"Grundy, John C; ",Proceedings of CBISE’98 CaiSE* 98 workshop on component based information systems engineering,,,,,1998,"University of Waikato, Department of Computer Science"
"Kamalrudin, Massila; Aiza, M Nor; Grundy, John; Hosking, John; Robinson, Mark; ",Automatic Acceptance Test Case Generation From Essential Use Cases,"13th International Conference on Intelligent Software Methodologies, Tools, and Techniques (SOMET14),",,,,2014,IOS press
"Grundy, John; ",Determining the cause of design model inconsistencies,Computer,47,8,6-6,2014,IEEE
"Hsu, Ching-Hsien; Grundy, John; ",Guest editorial: automated techniques for migrating to the cloud (II),Automated Software Engineering,21,4,439-442,2014,Springer US
"Maplesden, David; Tempero, Ewan; Hosking, John G; Grundy, John C; ",Subsuming Methods: Finding New Optimisation Opportunities in Object-Oriented Software,5th ACM/SPEC International Conference on Software Performance Engineering (ICPE 2015),,,,2015,ACM
"Kim, Chul H.; Grundy, John C.; Hosking, John G.; ",A suite of visual languages for model-driven development of statistical surveys and services,Journal of Visual Languages and Computing,26,,99–125,2015,Elsevier
"Grundy, John; ",Experiences in generating applications from domain-specific visual languages,,,,,2005,
"Maplesden, D.; von Randow, K.; Tempero, E.; Hosking, J.G.; Grundy, John C.; ",Performance Analysis using Subsuming Methods: An Industrial Case Study,IEEE/ACM International Conference on Software Engineering (ICSE 2015),,,,2015,ACM
"Maplesden, D.; Tempero, E.; Hosking, J.G.; Grundy, John C.; ",Performance Analysis for Object-Oriented Software: A Systematic Mapping,IEEE Transactions on Software Engineering,41,7,,2015,IEEE
"Avazpour, I.; Grundy, John C.; Vu, H.; ",Generating Reusable Visual Notations using Model Transformation,International Journal of Software Engineering and Knowledge Engineering,25,2,,2015,World Scientific
"Barnett, S.; Vasa, R.; Grundy, John C.; ",Bootstrapping Mobile App Development,"2015 IEEE/ACM International Conference on Software Engineering (ICSE 2015), Formal Demonstrations Track, Florence, Italy, 18-23 May 2015",,,,2015,ACM
"Chen, F.; Grundy, John C.; Schneider, J-G; Yang, Y.; He, Q.; ",StressCloud: A Tool for Analysing Performance and Energy Consumption of Cloud Applications,"2015 IEEE/ACM International Conference on Software Engineering (ICSE 2015), Formal Demonstrations Track, Florence, Italy, 18-23 May 2015",,,,2015,IEEE
"Grundy, JC; Venable, JR; ",Developing CASE tools that support integrated design notations,Proceedings of the 6th European Workshop on Next Generation of CASE Tools,,,109-116,1995,
"Apperley, MD; Gianoutsos, S; Grundy, JC; Paynter, G; Reeves, S; Venable, JR; ","A generic, lightweight collaborative notes and messaging facility for groupware applications",,,,,1996,"Working Paper, Department of Computer Science, University of Waikato"
"Almorsy, M; Ibrahim, A; Grundy, JC; ","Adaptive Security Management in SaaS Applications, Chapter 8 in Security, Privacy and Trust in Cloud Systems",,,,,2013,Springer
"Yuan, Dong.; Jin, J.; Grundy, John C.; Yang, Yun; ",A Framework for Convergence of Cloud Services and Internet of Things,19th IEEE International Conference on Computer Supported Cooperative Work in Design (CSCWD2015),,,,2015,IEEE
"Grundy, JC; Venable, J; ",Integrating CASE tools via hierarchical data model integration,,,,,1994,"Working Paper, Department of Computer Science, University of Waikato"
"Grundy, JC; Hosking, JG; ",Keeping textual and graphical views of information consistent,,,,,1996,"Working Paper, Department of Computer Science, University of Waikato"
"Helland, Therese; Grundy, John C.; Hosking, John G.; ",A service-oriented architecture for software process technology,2006 Australian Software Engineering Conference (ASWEC 2006),,,10 pp.-141,2006,IEEE
"Avazpour, I.; Grundy, John C.; Grunske, L.; ",Specifying Model Transformations by Direct Manipulation using Concrete Visual Notations and Interactive Recommendations,Journal of Visual Languages and Computing,28,,,2015,Elsevier
"Almorsy, M.; Grundy, John C.; ",Supporting Scientists in Re-engineering Sequential Programs to Parallel Using Model-driven Engineering,"1st ICSE Workshop on Software Engineering for High Performance Computing in Science (SE4HPCS  2015), Florence, Italy, May 19 2015.",,,,2015,IEEE
"Kanij, T.; Merkel, R.; Grundy, John C.; ",An Empirical Investigation of Personality Traits of Software Testers,"6th ICSE Workshop on Collaborative and Human Aspects of Software Engineering (CHASE 2015), Florence, Italy, May 18 2015.",,,,2015,IEEE
"Law, Check Yee; Grundy, John C.; Cain, Andrew; Vasa, Rajesh; ",A Preliminary Study of Open Learner Model Representation Formats to Support Formative Assessment,"2015 IEEE Computer Software and Applications Conference (COMPSAC2015), Taichung, Taiwan, July 1-5, 2015",,,,2015,IEEE
"Wünsche, Burkhard C; Kot, Blazej; Gits, Andrew; Amor, Robert; Hosking, John; Grundy, John C.; ",A framework for game engine based visualisations,"in Proceedings of 2005 Image and Vision Computing New Zealand, Nov. 2005",,,,2005,
"Ali, Norhayati Mohd; ",A Generic Visual Critic Authoring Tool,"Visual Languages and Human-Centric Computing, 2007. VL/HCC 2007. IEEE Symposium on",,,260-261,2007,IEEE
"Chen, F.; Grundy, John .C.; Schneider, J-G; Yang, Y.; He, Q.; ",Automating Performance and Energy Consumption Analysis for Cloud Applications,"IEEE SERVICES 2015 Visionary Track: The Future of Software Engineering FOR and IN Cloud, New York, USA, July 31 2015, IEEE.",,,,2015,IEEE
"Zane, S.; Salleh, N.; Grundy, John .C.; ",Mobile Application Testing in Industrial Contexts: An Exploratory Multiple Case Study,"14th International Conference on Intelligent Software Methodologies, Tools and Techniques (SOMET2015), Naples, Italy, Sept 15-17, 2015",,,,2015,Springer
"Nguyen, H.; Grundy, John C.; Almorsy, M.; ",Ontology-based Automated Support for Goal-Use case Model Analysis,Software Quality Journal,24,3,635-673,2016,Springer
"Nguyen, H.; Grundy, John C; Almorsy, M.; ",Rule-based Extraction of Goal-Use Case Models from Text,"10th Joint Meeting of the European Software Engineering Conference and the ACM SIGSOFT Symposium on the Foundations of Software Engineering (FSE/ESEC 2015), Bargamo, Italy, August 31 – September 4, 2015",,,,2015,ACM Press
"Mistrik, I.; Soley, R.M.; Ali, N.; Grundy, John .C.; Tekinerdogan, B.; ",Software Quality Assurance,,,,,2015,Morgan Kaufmann
"Cao, S.; Grundy, John C.; Hosking, J.G.; Tempero, E.; Zhu, N.; ","An architecture for generating web-based, thin-client diagramming tools","Proceedings of the 2004 IEEE International Conference on Automated Software Engineering, Linz, Austria, September",,,20-24,2005,
"Law, C.Y.; Grundy, John .C.; Vasa, R.; Cain, A.; ",Stakeholder feedback on open learner model visualisation techniques,"2015 IEEE Symposium on Visual Languages and Human-Centric Computing (VLHCC 2015), Atlanta, USA,18-22 October 2015",,,,2015,IEEE
"Nguyen, H.; Grundy, John C.; Almorsy, M.; ",Integrating Goal-oriented and Use Case-based Requirements Engineering: The Missing Link,"18th ACM/IEEE International Conference on Model Driven Engineering Languages and Systems (MODELS 2015), Ottawa, Canada, Sept 28-Oct 2 2015",,,,2015,Springer
"Yusop, N.S.Md.; Grundy, John C.; Vasa, Rajesh; ",Reporting Usability Defects: Limitations of Open Source Defect Repositories and Suggestions for Improvement,"2015 Australasian Conference on Software Engineering (ASWEC 2015), Adelaide, Australia, 28 Sept-1 Oct 2015",,,,2015,IEEE
"Farshchi, M.; Schneider, J.G.; Weber, Ingo; Grundy, John C.; ",Experience Report: Anomaly Detection of Cloud Application Operations Using Log and Cloud Metric Correlation Analysis,"26th IEEE International Symposium on Software Reliability Engineering, Gaithersburg, Maryland (ISSRE 2015), USA, 2-5 Nov 2015.",,,,2015,IEEE
"Ru, Jia; Grundy, John C.; Keung, Jacky; Yang, Yun; Hao, Lin; ",Providing Fairer Resource Allocation for Multi-tenant Cloud-based Systems,"7th IEEE International Conference on Cloud Computing Technology and Science (CloudCom 2015), Vancouver, BC, Canada, Nov 30-Dec 3, 2015",,,,2015,IEEE
"Barnett, S.; Avazpour, I.; Vasa, R.; Grundy, John C.; ",A Multi-view Framework for Generating Mobile Apps,"2015 IEEE International Symposium on Visual Languages and Human-Centric Computing, Atlanta, USA, Oct 15-19 2015",,,,2015,IEEE
"Maplesden, D.; Tempero, E.; Hosking, J.G.; Grundy, John C.; ",A Cost/Benefit Approach to Performance Analysis,"6th ACM/SPEC International Conference on Software Performance Engineering (ICPE 2015), Delft, Netherlands, 12-18 March, 2016",,,,2016,ACM
"Almorsy, M.; Grundy, John C.; Ibrahim, A.; ",Adaptive Software Security,"Chapter 5 in Managing trade-offs in adaptable software architectures, I. Mistrik, J. Grundy, B. Schmerl, R. Kazman, N. Ali (Eds)",,,,2016,Morgan Kaufmann
"Mistrik, I.; Grundy, John C.; Schmerl, B.; Kazman, R.; Ali, N.; ",Managing trade-offs in adaptable software architectures,,,,,2016,Morgan Kaufmann
"Avazpour, Iman; Grundy, John C.; Zhu, Liming; ",V for Variety: Lessons Learned From Complex Smart Cities Data Harmonization and Integration,"First International Workshop on Context-Aware​ Smart Cities ​and Intelligent Transport Systems (AwareCities 2016), Sydney, Australia",,,,2016,
"Versteeg, S.; Du, M.; Grundy, John C.; Schneider, J-G; Han, J.; Goyal, M.; ",Opaque Service Virtualisation: A Practical Tool for Emulating Endpoint Systems,"2016 IEEE/ACM International Conference on Software Engineering (ICSE 2016): Software Engineering in Practice Track, Austin, Texas, 14-22 May 2016",,,,2016,ACM
"Soomro, A.B.; Salleh, N.; Mendes, E.; Grundy, John C.; Burch, G.; Nordin, A.; ",The Effect of Software Engineers’ Personality traits on Team Climate and Performance: a Systematic Literature Review,Information and Software Technology,73,,pp 52–65,2016,Elsevier
"Staples, Mark; Zhu, Liming; Grundy, John C.; ",Continuous Validation for Data Analytics Systems,"2016 IEEE/ACM International Conference on Software Engineering (ICSE 2016), Visions of 2025 and Beyond Track, Austin, Texas, USA, May 14-22 2016",,,,2016,ACM
"Kamalrudin, M.; Grundy, John C.; Hosking, John G.; ",MaramaAIC: Tool Support for Consistency Management and Validation of Requirements,Automated Software Engineering,24,1,1-45,2017,Springer
"Knudson, D.; Grundy, John C.; ",International Capstone Exchange – the SUT and NDSU Experience,"2016 Capstone Design Conference, June 6-8, 2016, Columbus, OH, USA.",,,,2016,
"Moketar, N.A.; Kamalrudin, K.; Sidek, S.; Robinson, M.; Grundy, John C.; ",TestMEReq: Generating Abstract Tests for Requirements Validation,3rd International Workshop on Software Engineering Research and Industrial Practice (SER&IP),,,,2016,
"Versteeg, S.; Du, M.; Bird, J.; Schneider, J-G; Grundy, John C.; ",Enhanced Playback of Automated Service Emulation Models Using Entropy Analysis,"2016  International Workshop on Continuous Software Evolution and Delivery (CSED), May 14-15 2016",,,,2016,
"Zain, Samer; Salleh, Norsaremah; Grundy, John C.; ",A Systematic Mapping Study of Mobile Application Testing Techniques,Journal of Systems and Software,117,,334-356,2016,Elsevier
"Yusop, N.S.M.; Grundy, John C.; Vasa, R.; ",Reporting Usability Defects - Do reporters Report What Software Developers Need?,"20th International Conference on Evaluation and Assessment in Software Engineering (EASE2016), Limerick, Ireland, 1-3 June 2016,",,,,2016,ACM
"Khalajzadeh, H.; Yuan, Dong; Grundy, John C.; Yang, Yun; ",Improving Cloud-based Online Social Network Data Placement and Replication,"9th IEEE International Conference on Cloud Computing (IEEE CLOUD 2016), June 27 - July 2, 2016, San Francisco, USA",,,,2016,IEEE
"Kamalrudin, Massila; Sidek, Safiah; Yusop, Noorrezam; Grundy, John C; Hosking, John G; ",MEReq: A Tool to Capture and Validate Multi-Lingual Requirements.,SoMeT,,,231-245,2014,
"Du, Miao; Schneider, Jean-Guy; Hine, Cameron Murray; Grundy, John Collis; Han, Jun; Versteeg, Steven Cornelis; ",Message matching for opaque service virtualization,,,,,2014,"US Patent App. 14/223,607"
"Du, Miao; Versteeg, Steven Cornelis; Schneider, Jean-Guy; Han, Jun; Grundy, John Collis; ",Systems and methods for clustering trace messages for efficient opaque response generation,,,,,2014,"US Patent App. 14/305,322"
"Versteeg, Steven Cornelis; Du, Miao; Schneider, Jean-Guy; Grundy, John Collis; Han, Jun; ",Systems and methods for automatically generating message prototypes for accurate and efficient opaque service emulation,,,,,2014,"US Patent App. 14/535,950"
"Kamalrudin, M; Hosking, J; Grundy, John; ",MaramaAI: Tool support for capturing requirement and checking the inconsistency,Proc. 21st Australian Software Engineering Conference (ASWEC'10),,,,2010,
"Su, Moon Ting; Hirsch, Christian; Hosking, John; ",Kaitorobase: Visual exploration of software architecture documents,Proceedings of the 2009 IEEE/ACM International Conference on Automated Software Engineering,,,657-659,2009,IEEE Computer Society
"Tekinerdogan, Bedir; Ali, Nour; Grundy, John; Mistrik, Ivan; Soley, Richard; ",Quality concerns in large-scale and complex software-intensive systems,Software Quality Assurance: In Large Scale and Complex Software-intensive Systems,,,,2015,Morgan Kaufmann
"Liu, J.; Grundy, John C.; Abdelrazek, M.; Avazpour, I.; ",A Domain-Specific Visual Modeling Language for Testing Environment Emulation,"2016 IEEE Symposium on Visual Languages and Human-Centric Computing, Cambridge, UK, Sept 4-8 2016",,,,2016,IEEE
"Law, C.; Grundy, John C.; Cain, A.; Vasa, R.; ",Stakeholder Feedback on Open Learner Model Visualisation Technique,"2016 IEEE Symposium on Visual Languages and Human-Centric Computing, Cambridge, UK, 4-8 Sept 2016",,,,2016,IEEE
"Grundy, John Collis; ",Proceedings of the OzCHI'96 Workshop on the Next Generation of CSCW Systems,,,,,1996,"Department of Computer Science, University of Waikato"
"Abdelrazek, Mohamed Almorsy; Grundy, John; Ibrahim, Amani S; ",Improving Tenants' Trust in SaaS Applications Using Dynamic Security Monitors,"Engineering of Complex Computer Systems (ICECCS), 2015 20th International Conference on",,,70-79,2015,IEEE
"Moketar, N.A.; Kamalrudin, M.; Sidek, S.; Robinson, M.; Grundy, John C.; ",An Automated Collaborative Requirements Engineering Tool for Better Validation of Requirements,"2016 IEEE/ACM International Conference on Automated Software Engineering (ASE 2016), Singapore, Sept 3-7, 2016",,,,2016,ACM
"Liu, J.; Grundy, John C.; Abdelrazek, M.; Avazpour, I.; ",TeeVML: Tool Support for Semi-Automatic Integration Testing Environment Emulation,"2016 IEEE/ACM International Conference on Automated Software Engineering (ASE 2016), Singapore, Sept 3-7, 2016",,,,2016,ACM
"Grundy, John Collis; Hosking, John G; ",Integrated OO System Developing Using SPE,,,,,1993,"University of Auckland, Department of Computer Science"
"Grundy, John; ",Model-Driven Engineering for the Social Enterprise.,EDOC,,,39,2015,
"Grundy, John; Hosking, John; ",Guest editors introduction: special issue on innovative automated software engineering tools—part# 2,Automated Software Engineering,20,3,297-298,2013,Springer US
"Avazpour, Iman; Sadauskas, Ramuna; Grundy, John; Zhu, Liming; ","Technical Report Australian Household Travel Survey Data Integration, Harmonization and Visualization",,,,,2015,
"Grundy, John; ",Component-based Groupware: Issues and Experiences,CSCW in HCI-worldwide,,,23,1997,
"Du, Miao; Versteeg, Steve; Schneider, Jean-Guy; Grundy, John; Han, Jun; ",From network traces to system responses: Opaquely emulating software services,arXiv preprint arXiv:1510.01421,,,,2015,
"Dam, H.K.; Tran, T.; Grundy, John C.; ",DeepSoft: A vision for a deep model of software,"2016 ACM SIGSOFT International Conference on Foundations of Software Engineering (FSE 2016), Seattle, WA, USA",,,,2016,ACM
"Stojmenovic, M.; Grundy, John C.; Farrell, V.; Biddle, R.; Hoon, L.; ",Does Textual Word-of-Mouth Affect Look and Feel?,"2016 Australian Conference on Human-Computer Interaction (OZCHI 2016), Launceston, Australia, Nov 29-Dec 2 2016",,,,2016,ACM
"Lam, Luan; Tang, Antony; Grundy, John C.; ",Heuristics-based Indoor Positioning Systems: A Systematic Literature Review,Journal of Location-Based Services,,,,2017,Taylor & Francis
"Su, M.T.; Hosking, John G.; Grundy, John C.; Tempero, E.; ",Usage-based Chunking of Software Architecture Information to Assist Information Finding,Journal of Systems and Software,122,,,2016,Elsevier
"Grundy, John; Han, Jun; ","Proceedings of the 3rd Australasian Workshop on Software and System Architectures, Sydney, New South Wales, Australia, 19-20 November 2000",,,,,2000,Monash University
"Seffah, Ahmed; Javahery, Homa; ",Multiple user interfaces: cross-platform applications and context-aware interfaces,,,,,2005,John Wiley & Sons
"Mistrík, Ivan; Grundy, John; Hoek, A; Whitehead, Jim; ",Collaborative software engineering: Challenges and prospects,Collaborative Software Engineering,,,389-403,2010,
"Dai, Xiaoling; Grundy, John; Lo, BruceWN; ","Comparing and contrasting micro-payment models for E-commerce systems, Info-tech and Info-net",Proceedings. ICII,,,,2001,
"Moreira, Ana; Grundy, John; ",Early Aspects: Current Challenges and Future Directions,,,,,2007,Springer-Verlag Berlin Heidelberg
"Hirsch, Christian; Hoking, John; Grundy, John; ",Interactive visualization tools for exploring the semantic graph of large knowledge spaces,Workshop on visual interfaces to the social and semantic web (VISSW2009),,,,2009,
"Yusop, N.S.M.; Schneider, J-G.; Grundy, John C.; Vasa, R.; ",What Influences Usability Defect Reporting? – A Survey of Software Development Practitioners,"2016 Asia-Pacific Conference on Software Engineering, Hamilton, New Zealand, Dec 6-9 2016",,,,2016,IEEE
"Yusop, N.; Kamalrudin, N.; Saidek, S.; Grundy, John C.; ",Automated Support to Capture and Validate Security Requirements for Mobile Apps,"3rd Asia-Pacific Requirements Engineering Symposium (APRES2016) 2016, 10-12 November 2016, Nagoya, Japan",,,,2016,Springer
"Grundy, J; ",Aspect-Oriented Software Engineering–a Use Case Driven Approach,,,,,1992,Addison-Wesley
"Avazpour, Iman; Pitakrat, Teerat; Grunske, Lars; Grundy, John; ",Dimensions and metrics for evaluating recommendation systems,Recommendation systems in software engineering,,,245-273,2014,Springer Berlin Heidelberg
"Panas, T; Berrigan, R; Grundy, JS; ","A 3d metaphor for software production visualization. IV 2003-International Conference on Computer Visualization and Graphics Applications, 314",,,,,2003,IEEE CS Press
"Grundy, John; Moreira, Ana; ",Early Aspects: Current Challenges and Future Directions,,,,,2007,
"Law, C-Y.; Grundy, John C.; Cain, A.; Vasa, R.; Cummaudo, A.; ",User Perceptions of Using an Open Learner Model Visualisation Tool for Facilitating Self-regulated Learning,"2017 Australiasian Computing Education Conference (ACE 2017), Jan 30-Feb 3 2017, Geelong, Australia",,,,2017,ACM
"Avazpour, I.; Grundy, John C.; ",Insights into Visualizing Trajectory Recommendation Rankings,"2017 Australiasian User Interface Conference (AUIC 2017), Jan 30-Feb 3 2017, Geelong, Australia",,,,2017,ACM
"Singha, R.; Narula, A.; Grundy, John C.; ",Parametric Statecharts: Designing Flexible IoT Apps,"2017 Australiasian Computer Science Conference (ACSC 2017), Jan 30-Feb 3 2017, Geelong, Australia",,,,2017,ACM
"He, Qiang; Zhou, Rui; Zhang, X.; Wang, Y.; Ye, D.; Chen, Feifei; Grundy, John C.; Yang, Y.; ",Keyword Search for Building Service-Based Systems,IEEE Transactions on Software Engineering,,,,2017,IEEE
"Lam, Luan; Tang, Antony; Grundy, John C.; ",Characterising Indoor Positioning Estimation Using Experimental Data from an Active RFID-based Real Time Location System,Journal of Location-Based Services,,,,2017,Taylor & Francis
"Yusop, N.S.M.; Grundy, John C.; Vasa, Rajesh; ",Reporting Usability Defects: A Systematic Literature Review,"IEEE Transactions on Software Engineering,",,,,2017,IEEE
"Liu, J.; Grundy, John C.; Abdelrazek, M.; Avazpour, I.; ",Testing Environment Emulation: A Model-Driven Approach,"2017 International Conference on Model-Driven Engineering and Software Development (MODELSWARD 2017), Porto, Portugul, 19-21 February 201",,,,2017,
"Lam, L.; Tang, A.; Grundy, John C.; ",Predicting Indoor Spatial Movement Using Data Mining and Movement Patterns,"IEEE International Conference on Big Data and Smart Computing (IEEE BigComp 2017), Jeju, Korea, February 13-16, 2017",,,,2017,IEEE
"Hoda, Rashina; Salleh, Norsaremah; Grundy, John C.; Tee, H.M.; ",Systematic literature reviews in agile software development:a tertiary study,Information and Software Technology,,,,2017,Elsevier
